<!--Don't change the name of this file-->
<beans xmlns="http://www.springframework.org/schema/beans"
       xmlns:xsi="http://www.w3.org/2001/XMLSchema-instance"
       xsi:schemaLocation="http://www.springframework.org/schema/beans http://www.springframework.org/schema/beans/spring-beans.xsd">

    <!--

    *******************************************************************************************************************************************************
                                    Bean definition for Vaccines:

                                        1.Bean id should be the same as class name but in camel-case naming convention..
                                        2.Below is the sample for your reference.

                                    <bean id="tetanus" class="com.example.Vaccination.Tetanus"/>

    *****************************************************************************************************************************************************
                                Bean definition for Users should follow camel case naming convention with below combination:

                                        1. Bean id = UserType + Vaccine
                                        2.Below is the sample for your reference.

                                    <bean id="sisterTetanus" class="com.example.Vaccination.Sister">

                                Here sisterTetanus is a combination of User and vaccine but in camel-case version.

    *****************************************************************************************************************************************************

                                Bean definition for TimeAndLocationBean class:
                                        
                                        1.Bean id should be the same as class name but in camel-case naming convention.
                            
    *****************************************************************************************************************************************************
    -->
    <!-- vaccine Beans -->
    <bean id="polio" class="com.example.Vaccination.Polio"></bean>
     <bean id="typhoid" class="com.example.Vaccination.Typhoid"></bean>
      <bean id="covid" class="com.example.Vaccination.Covid"></bean>
      
      <!--User Beans  (User type + Vaccine)-->
       <bean id="fatherPolio" class="com.example.Vaccination.Father">
       <constructor-arg  ref="polio"/>
       <property name="timeAndLocation" ref ="timeAndLocation" />
       </bean>
       
       <bean id="fatherTyphoid" class="com.example.Vaccination.Father">
       <constructor-arg  ref="typhoid"/>
       <property name="timeAndLocation" ref ="timeAndLocation" />
       </bean>
       
       <bean id="fatherCovid" class="com.example.Vaccination.Father">
       <constructor-arg  ref="covid"/>
       <property name="timeAndLocation" ref ="timeAndLocation" />
       </bean>
       
        <bean id="motherPolio" class="com.example.Vaccination.Mother">
       <constructor-arg  ref="polio"/>
       <property name="timeAndLocation" ref ="timeAndLocation" />
       </bean>
       
        <bean id="motherTyphoid" class="com.example.Vaccination.Mother">
       <constructor-arg  ref="typhoid"/>
       <property name="timeAndLocation" ref ="timeAndLocation" />
       </bean>
       
        <bean id="motherCovid" class="com.example.Vaccination.Mother">
       <constructor-arg  ref="covid"/>
       <property name="timeAndLocation" ref ="timeAndLocation" />
       </bean>
       
        <bean id="selfPolio" class="com.example.Vaccination.Self">
        <constructor-arg  ref="polio"/>
       <property name="timeAndLocation" ref ="timeAndLocation" />
       </bean>
       
       
        <bean id="selfTyphoid" class="com.example.Vaccination.Self">
        <constructor-arg  ref="typhoid"/>
      <property name="timeAndLocation" ref ="timeAndLocation" />
       </bean>
       
       
        <bean id="selfCovid" class="com.example.Vaccination.Self">
        <constructor-arg  ref="covid"/>
      <property name="timeAndLocation" ref ="timeAndLocation" />
       </bean>
       
       
        <bean id="spousePolio" class="com.example.Vaccination.Spouse">
        <constructor-arg  ref="polio"/>
       <property name="timeAndLocation" ref ="timeAndLocation" />
       </bean>
       
        <bean id="spouseTyphoid" class="com.example.Vaccination.Spouse">
        <constructor-arg  ref="typhoid"/>
      <property name="timeAndLocation" ref ="timeAndLocation" />
       </bean>
       
        <bean id="spouseCovid" class="com.example.Vaccination.Spouse">
        <constructor-arg  ref="covid"/>
       <property name="timeAndLocation" ref ="timeAndLocation" />
       </bean>
       
       
       
    <!--Time and Location Bean-->
    <bean id="timeAndLocation" class="com.example.Vaccination.TimeAndLocation"></bean>
       
    
    

</beans>