<?xml version="1.0" encoding="UTF-8"?>
<beans xmlns="http://www.springframework.org/schema/beans"
    xmlns:xsi="http://www.w3.org/2001/XMLSchema-instance"
    xsi:schemaLocation="
        http://www.springframework.org/schema/beans http://www.springframework.org/schema/beans/spring-beans.xsd">
      <!-- bean definitions here --> 
      
      <bean id="NormalTyre" class="com.codingNinjas.carDealership.NormalTyre"></bean>
      <bean id="SportsTyre" class="com.codingNinjas.carDealership.SportsTyre"></bean>
      <bean id="HeavyTyre" class="com.codingNinjas.carDealership.HeavyTyre"></bean>
      
      <bean id="familyCarwithNormalTyres" class="com.codingNinjas.carDealership.FamilyCar">
      <constructor-arg ref="NormalTyre"></constructor-arg>
      </bean>
       
      <bean id="familyCarwithSportsTyres" class="com.codingNinjas.carDealership.FamilyCar">
      <constructor-arg ref="SportsTyre"></constructor-arg>
      </bean>
      <bean id="sportsCar" class="com.codingNinjas.carDealership.SportsCar">
      <constructor-arg ref="SportsTyre"></constructor-arg>
      </bean>
      <bean id="truck" class="com.codingNinjas.carDealership.Truck">
      <constructor-arg ref="HeavyTyre"></constructor-arg>
      </bean>
	
</beans>